name,item_id,volume_m3,buyVolume,sellVolume,buyOrders,sellOrders,sellOutliers,buyOutliers,buyThreshold,sellThreshold,buyAvgFivePercent,sellAvgFivePercent
Helium Fuel Block,4247,5.0,1006215,1787166,38,46,0,2,1994.0,225600.0,19930.1590141125,22574.899358306368
Hydrogen Fuel Block,4246,5.0,322323,4776456,16,79,0,2,1807.0,198500.0,18064.901960784315,19850.0
Nitrogen Fuel Block,4051,5.0,650846,3078203,19,78,0,2,1891.0,198000.0,18900.755946161884,19854.829145138563
Oxygen Fuel Block,4312,5.0,795692,1189245,23,22,0,2,1937.0,211800.0,19347.214709430926,21187.114964178803
